INSERT INTO `fc_coolpeace`.role (role_type) VALUES ('ADMIN');
INSERT INTO `fc_coolpeace`.role (role_type) VALUES ('OWNER');
INSERT INTO `fc_coolpeace`.role (role_type) VALUES ('USER');

-- SIDO 데이터
INSERT INTO fc_coolpeace.sido(id, name) values (1, '서울특별시'), (2, '부산광역시'), (3, '대구광역시'), (4, '인천광역시'), (5, '광주광역시'), (6, '대전광역시'), (7, '울산광역시'), (8, '세종특별자치시'), (9, '경기도'), (10, '북부출장소'), (11, '충청북도'), (12, '충청남도'), (13, '전라북도'), (14, '전라남도'), (15, '경상북도'), (16, '경상남도'), (17, '제주특별자치도'), (18, '강원특별자치도'), (19, '동해출장소');

--시군구 데이터
INSERT INTO fc_coolpeace.sigungu(id, sido, name) values (1, 1, ''), (2, 1, '종로구'), (3, 1, '중구'), (4, 1, '용산구'), (5, 1, '성동구'), (6, 1, '광진구'), (7, 1, '동대문구'), (8, 1, '중랑구'), (9, 1, '성북구'), (10, 1, '강북구'), (11, 1, '도봉구'), (12, 1, '노원구'), (13, 1, '은평구'), (14, 1, '서대문구'), (15, 1, '마포구'), (16, 1, '양천구'), (17, 1, '강서구'), (18, 1, '구로구'), (19, 1, '금천구'), (20, 1, '영등포구'), (21, 1, '동작구'), (22, 1, '관악구'), (23, 1, '서초구'), (24, 1, '강남구'), (25, 1, '송파구'), (26, 1, '강동구');
INSERT INTO fc_coolpeace.sigungu(id, sido, name) values (27, 2, ''), (28, 2, '중구'), (29, 2, '서구'), (30, 2, '동구'), (31, 2, '영도구'), (32, 2, '부산진구'), (33, 2, '동래구'), (34, 2, '남구'), (35, 2, '북구'), (36, 2, '해운대구'), (37, 2, '사하구'), (38, 2, '금정구'), (39, 2, '강서구'), (40, 2, '연제구'), (41, 2, '수영구'), (42, 2, '사상구'), (43, 2, '기장군');
INSERT INTO fc_coolpeace.sigungu(id, sido, name) values (44, 3, ''), (45, 3, '중구'), (46, 3, '동구'), (47, 3, '서구'), (48, 3, '남구'), (49, 3, '북구'), (50, 3, '수성구'), (51, 3, '달서구'), (52, 3, '달성군'), (53, 3, '군위군');
INSERT INTO fc_coolpeace.sigungu(id, sido, name) values (54, 4, ''), (55, 4, '중구'), (56, 4, '중구영종출장'), (57, 4, '중구용유출장'), (58, 4, '동구'), (59, 4, '미추홀구'), (60, 4, '연수구'), (61, 4, '남동구'), (62, 4, '부평구'), (63, 4, '계양구'), (64, 4, '서구'), (65, 4, '서구검단출장'), (66, 4, '강화군'), (67, 4, '옹진군');
INSERT INTO fc_coolpeace.sigungu(id, sido, name) values (68, 5, ''), (69, 5, '동구'), (70, 5, '서구'), (71, 5, '남구'), (72, 5, '북구'), (73, 5, '광산구');
INSERT INTO fc_coolpeace.sigungu(id, sido, name) values (74, 6, ''), (75, 6, '동구'), (76, 6, '중구'), (77, 6, '서구'), (78, 6, '유성구'), (79, 6, '대덕구');
INSERT INTO fc_coolpeace.sigungu(id, sido, name) values (80, 7, ''), (81, 7, '중구'), (82, 7, '남구'), (83, 7, '동구'), (84, 7, '북구'), (85, 7, '울주군');
INSERT INTO fc_coolpeace.sigungu(id, sido, name) values (86, 8, ''), (88, 10, '');
INSERT INTO fc_coolpeace.sigungu(id, sido, name) values (87, 9, ''), (89, 9, '수원시'), (90, 9, '수원시 장안구'), (91, 9, '수원시 권선구'), (92, 9, '수원시 팔달구'), (93, 9, '수원시 영통구'), (94, 9, '성남시'), (95, 9, '성남시 수정구'), (96, 9, '성남시 중원구'), (97, 9, '성남시 분당구'), (98, 9, '의정부시'), (99, 9, '안양시'), (100, 9, '안양시 만안구'), (101, 9, '안양시 동안구'), (102, 9, '부천시'), (103, 9, '부천시 원미구'), (104, 9, '부천시 소사구'), (105, 9, '부천시 오정구'), (106, 9, '광명시'), (107, 9, '평택시'), (108, 9, '동두천시'), (109, 9, '안산시'), (110, 9, '안산시 상록구'), (111, 9, '안산시 단원구'), (112, 9, '고양시'), (113, 9, '고양시 덕양구'), (114, 9, '고양시 일산동구'), (115, 9, '고양시 일산서구'), (116, 9, '과천시'), (117, 9, '구리시'), (118, 9, '남양주시'), (119, 9, '오산시'), (120, 9, '시흥시'), (121, 9, '군포시'), (122, 9, '의왕시'), (123, 9, '하남시'), (124, 9, '용인시'), (125, 9, '용인시 처인구'), (126, 9, '용인시 기흥구'), (127, 9, '용인시 수지구'), (128, 9, '파주시'), (129, 9, '이천시'), (130, 9, '안성시'), (131, 9, '김포시'), (132, 9, '화성시'), (133, 9, '광주시'), (134, 9, '양주시'), (135, 9, '포천시'), (136, 9, '여주시'), (137, 9, '연천군'), (138, 9, '가평군'), (139, 9, '양평군');
INSERT INTO fc_coolpeace.sigungu(id, sido, name) values (140, 11, ''), (141, 11, '청주시'), (142, 11, '청주시 상당구'), (143, 11, '청주시 서원구'), (144, 11, '청주시 흥덕구'), (145, 11, '청주시 청원구'), (146, 11, '충주시'), (147, 11, '제천시'), (148, 11, '보은군'), (149, 11, '옥천군'), (150, 11, '영동군'), (151, 11, '증평군'), (152, 11, '진천군'), (153, 11, '괴산군'), (154, 11, '음성군'), (155, 11, '단양군');
INSERT INTO fc_coolpeace.sigungu(id, sido, name) values (156, 12, ''), (157, 12, '천안시'), (158, 12, '천안시 동남구'), (159, 12, '천안시 서북구'), (160, 12, '공주시'), (161, 12, '보령시'), (162, 12, '아산시'), (163, 12, '서산시'), (164, 12, '논산시'), (165, 12, '계룡시'), (166, 12, '당진시'), (167, 12, '금산군'), (168, 12, '부여군'), (169, 12, '서천군'), (170, 12, '청양군'), (171, 12, '홍성군'), (172, 12, '예산군'), (173, 12, '태안군');
INSERT INTO fc_coolpeace.sigungu(id, sido, name) values (174, 13, ''), (175, 13, '전주시'), (176, 13, '전주시 완산구'), (177, 13, '전주시 덕진구'), (178, 13, '군산시'), (179, 13, '익산시'), (180, 13, '정읍시'), (181, 13, '남원시'), (182, 13, '김제시'), (183, 13, '완주군'), (184, 13, '진안군'), (185, 13, '무주군'), (186, 13, '장수군'), (187, 13, '임실군'), (188, 13, '순창군'), (189, 13, '고창군'), (190, 13, '부안군');
INSERT INTO fc_coolpeace.sigungu(id, sido, name) values (191, 14, ''), (192, 14, '목포시'), (193, 14, '여수시'), (194, 14, '순천시'), (195, 14, '나주시'), (196, 14, '광양시'), (197, 14, '담양군'), (198, 14, '곡성군'), (199, 14, '구례군'), (200, 14, '고흥군'), (201, 14, '보성군'), (202, 14, '화순군'), (203, 14, '장흥군'), (204, 14, '강진군'), (205, 14, '해남군'), (206, 14, '영암군'), (207, 14, '무안군'), (208, 14, '함평군'), (209, 14, '영광군'), (210, 14, '장성군'), (211, 14, '완도군'), (212, 14, '진도군'), (213, 14, '신안군');
INSERT INTO fc_coolpeace.sigungu(id, sido, name) values (214, 15, ''), (215, 15, '포항시'), (216, 15, '포항시 남구'), (217, 15, '포항시 북구'), (218, 15, '경주시'), (219, 15, '김천시'), (220, 15, '안동시'), (221, 15, '구미시'), (222, 15, '영주시'), (223, 15, '영천시'), (224, 15, '상주시'), (225, 15, '문경시'), (226, 15, '경산시'), (227, 15, '의성군'), (228, 15, '청송군'), (229, 15, '영양군'), (230, 15, '영덕군'), (231, 15, '청도군'), (232, 15, '고령군'), (233, 15, '성주군'), (234, 15, '칠곡군'), (235, 15, '예천군'), (236, 15, '봉화군'), (237, 15, '울진군'), (238, 15, '울릉군');
INSERT INTO fc_coolpeace.sigungu(id, sido, name) values (239, 16, ''), (240, 16, '창원시'), (241, 16, '창원시 의창구'), (242, 16, '창원시 성산구'), (243, 16, '창원시 마산합포구'), (244, 16, '창원시 마산회원구'), (245, 16, '창원시 진해구'), (246, 16, '진주시'), (247, 16, '통영시'), (248, 16, '사천시'), (249, 16, '사천남양출장'), (250, 16, '김해시'), (251, 16, '밀양시'), (252, 16, '거제시'), (253, 16, '양산시'), (254, 16, '의령군'), (255, 16, '함안군'), (256, 16, '창녕군'), (257, 16, '고성군'), (258, 16, '남해군'), (259, 16, '하동군'), (260, 16, '산청군'), (261, 16, '함양군'), (262, 16, '거창군'), (263, 16, '합천군');
INSERT INTO fc_coolpeace.sigungu(id, sido, name) values (264, 17, ''), (265, 17, '제주시'), (266, 17, '서귀포시');
INSERT INTO fc_coolpeace.sigungu(id, sido, name) values (268, 19, '');
INSERT INTO fc_coolpeace.sigungu(id, sido, name) values (267, 18, ''), (269, 18, '춘천시'), (270, 18, '원주시'), (271, 18, '강릉시'), (272, 18, '동해시'), (273, 18, '태백시'), (274, 18, '속초시'), (275, 18, '삼척시'), (276, 18, '홍천군'), (277, 18, '횡성군'), (278, 18, '영월군'), (279, 18, '평창군'), (280, 18, '정선군'), (281, 18, '철원군'), (282, 18, '화천군'), (283, 18, '양구군'), (284, 18, '인제군'), (285, 18, '고성군'), (286, 18, '양양군');

--회원 추가
INSERT INTO fc_coolpeace.member (is_deleted, email, name, password) VALUES (0, 'testowner@test.com', 'testowner', 'pass123');

--1번회원 숙소 2개 추가
insert into fc_coolpeace.accommodation (member_id, name, sido, sigungu, address, accommodation_type) values (1, '테스트숙박1', 1, 2, '테스트 상세 주소 1번지', 'MOTEL'), (1, '테스트숙박2', 1, 2, '테스트 상세 주소 2번지', 'RESORT');

--숙소당 객실 2개 추가
insert into room (price, room_number, accommodation_id, created_at, room_type) values (100000, 101, 1, now(), '테스트룸타입1-1'), (150000, 102, 1, now(), '테스트룸타입1-2');
insert into room (price, room_number, accommodation_id, created_at, room_type) values (200000, 201, 2, now(), '테스트룸타입1-1'), (250000, 202, 1, now(), '테스트룸타입2-2');


--쿠폰 추가
insert into coupon(coupon_expiration, coupon_room_type, coupon_use_condition_days, discount_value, download_count, exposure_end_date, exposure_start_date, minimum_reservation_price, use_count, accommodation_id, created_at, member_id, coupon_number, coupon_status, customer_type, discount_type, title) values (14, 0, 3, 30000, 100, '2024-12-31 00:00:00', '2024-01-01 00:00:00', 100000, 30, 1, now(), 1, 'CC0000001', 'EXPOSURE_ON', 'ALL_CLIENT', 'FIXED_PRICE', '테스트쿠폰1');
insert into coupon(coupon_expiration, coupon_room_type, coupon_use_condition_days, discount_value, download_count, exposure_end_date, exposure_start_date, minimum_reservation_price, use_count, accommodation_id, created_at, member_id, coupon_number, coupon_status, customer_type, discount_type, title) values (21, 1, 127, 30, 200, '2024-12-31 00:00:00', '2024-01-01 00:00:00', 50000, 40, 1, now(), 1, 'CC0000002', 'EXPOSURE_ON', 'ALL_CLIENT', 'FIXED_RATE', '테스트쿠폰2');
insert into coupon(coupon_expiration, coupon_room_type, coupon_use_condition_days, discount_value, download_count, exposure_end_date, exposure_start_date, minimum_reservation_price, use_count, accommodation_id, created_at, member_id, coupon_number, coupon_status, customer_type, discount_type, title) values (14, 0, 99, 10000, 300, '2024-12-31 00:00:00', '2024-01-01 00:00:00', 200000, 20, 2, now(), 1, 'CC0000003', 'EXPOSURE_ON', 'ALL_CLIENT', 'FIXED_PRICE', '테스트쿠폰3');
insert into coupon(coupon_expiration, coupon_room_type, coupon_use_condition_days, discount_value, download_count, exposure_end_date, exposure_start_date, minimum_reservation_price, use_count, accommodation_id, created_at, member_id, coupon_number, coupon_status, customer_type, discount_type, title) values (14, 2, 124, 20, 400, '2024-12-31 00:00:00', '2024-01-01 00:00:00', 100000, 50, 2, now(), 1, 'CC0000004', 'EXPOSURE_ON', 'ALL_CLIENT', 'FIXED_RATE', '테스트쿠폰4');
insert into coupon(coupon_expiration, coupon_room_type, coupon_use_condition_days, discount_value, download_count, exposure_end_date, exposure_start_date, minimum_reservation_price, use_count, accommodation_id, created_at, member_id, coupon_number, coupon_status, customer_type, discount_type, title) values (7, 1, 107, 10000, 300, '2024-12-31 00:00:00', '2024-01-01 00:00:00', 10000, 100, 1, now(), 1, 'CC0000005', 'EXPOSURE_ON', 'ALL_CLIENT', 'FIXED_PRICE', '테스트쿠폰5');
insert into coupon(coupon_expiration, coupon_room_type, coupon_use_condition_days, discount_value, download_count, exposure_end_date, exposure_start_date, minimum_reservation_price, use_count, accommodation_id, created_at, member_id, coupon_number, coupon_status, customer_type, discount_type, title) values (3, 1, 55, 10, 500, '2024-12-31 00:00:00', '2024-01-01 00:00:00', 100000, 43, 1, now(), 1, 'CC0000006', 'EXPOSURE_ON', 'ALL_CLIENT', 'FIXED_RATE', '테스트쿠폰6');
insert into coupon(coupon_expiration, coupon_room_type, coupon_use_condition_days, discount_value, download_count, exposure_end_date, exposure_start_date, minimum_reservation_price, use_count, accommodation_id, created_at, member_id, coupon_number, coupon_status, customer_type, discount_type, title) values (30, 0, 123, 10000, 1000, '2024-12-31 00:00:00', '2024-01-01 00:00:00', 250000, 160, 2, now(), 1, 'CC0000007', 'EXPOSURE_ON', 'ALL_CLIENT', 'FIXED_PRICE', '테스트쿠폰7');
insert into coupon(coupon_expiration, coupon_room_type, coupon_use_condition_days, discount_value, download_count, exposure_end_date, exposure_start_date, minimum_reservation_price, use_count, accommodation_id, created_at, member_id, coupon_number, coupon_status, customer_type, discount_type, title) values (100, 2, 26, 10, 50, '2024-12-31 00:00:00', '2024-01-01 00:00:00', 60000, 50, 2, now(), 1, 'CC0000008', 'EXPOSURE_ON', 'ALL_CLIENT', 'FIXED_RATE', '테스트쿠폰8');

--예약(reservaion) 추가
insert into reservation(discount_price, total_price, created_at, end_date, start_date) values (10000, 100000, now(), '2024-12-31 23:00:00', '2024-12-01 07:00:00');
insert into reservation(discount_price, total_price, created_at, end_date, start_date) values (20000, 100000, now(), '2024-12-31 23:00:00', '2024-12-01 07:00:00');
insert into reservation(discount_price, total_price, created_at, end_date, start_date) values (10000, 150000, now(), '2024-12-31 23:00:00', '2024-12-01 07:00:00');
insert into reservation(discount_price, total_price, created_at, end_date, start_date) values (20000, 150000, now(), '2024-12-31 23:00:00', '2024-12-01 07:00:00');
insert into reservation(discount_price, total_price, created_at, end_date, start_date) values (10000, 200000, now(), '2024-12-31 23:00:00', '2024-12-01 07:00:00');
insert into reservation(discount_price, total_price, created_at, end_date, start_date) values (20000, 200000, now(), '2024-12-31 23:00:00', '2024-12-01 07:00:00');
insert into reservation(discount_price, total_price, created_at, end_date, start_date) values (10000, 250000, now(), '2024-12-31 23:00:00', '2024-12-01 07:00:00');
insert into reservation(discount_price, total_price, created_at, end_date, start_date) values (20000, 250000, now(), '2024-12-31 23:00:00', '2024-12-01 07:00:00');

--예약 객실(room_servervaion)
insert into room_reservation(discount_price, coupon_id, reservation_id, room_id) values (10000, 1, 1, 1);
insert into room_reservation(discount_price, coupon_id, reservation_id, room_id) values (20000, 2, 2, 1);
insert into room_reservation(discount_price, coupon_id, reservation_id, room_id) values (30000, 3, 3, 2);
insert into room_reservation(discount_price, coupon_id, reservation_id, room_id) values (40000, 4, 4, 2);
insert into room_reservation(discount_price, coupon_id, reservation_id, room_id) values (10000, 5, 5, 3);
insert into room_reservation(discount_price, coupon_id, reservation_id, room_id) values (20000, 6, 6, 3);
insert into room_reservation(discount_price, coupon_id, reservation_id, room_id) values (30000, 7, 7, 4);
insert into room_reservation(discount_price, coupon_id, reservation_id, room_id) values (40000, 8, 8, 4);

-- INSERT INTO fc_coolpeace.room (accommodation_id, room_number, price, room_type) VALUES (1, 101, 50000, 'Single'), (1, 102, 60000, 'Double'), (1, 103, 70000, 'Suite');
insert into settlement(cancel_price, complete_at, coupon_count, coupon_use_date, discount_price, sum_price, supply_price, accommodation_id, coupon_id, created_at) values (0, '2024-02-01 00:00:00', 2, '2024-01-02 00:00:00', 10000, 20000, 3000, 1, 1, now() );
insert into settlement(cancel_price, complete_at, coupon_count, coupon_use_date, discount_price, sum_price, supply_price, accommodation_id, coupon_id, created_at) values (0, '2024-02-01 00:00:00', 3, '2024-01-17 00:00:00', 5000, 15000, 2000, 2, 2, now() );
insert into settlement(cancel_price, complete_at, coupon_count, coupon_use_date, discount_price, sum_price, supply_price, accommodation_id, coupon_id, created_at) values (0, '2024-02-01 00:00:00', 4, '2024-01-05 00:00:00', 20000, 80000, 330000, 1, 3, now() );
insert into settlement(cancel_price, complete_at, coupon_count, coupon_use_date, discount_price, sum_price, supply_price, accommodation_id, coupon_id, created_at) values (0, '2024-02-01 00:00:00', 5, '2024-01-10 00:00:00', 30000, 100000, 32000, 2, 4, now() );
insert into settlement(cancel_price, complete_at, coupon_count, coupon_use_date, discount_price, sum_price, supply_price, accommodation_id, coupon_id, created_at) values (0, '2024-02-01 00:00:00', 6, '2024-01-11 00:00:00', 40000, 200000, 31000, 1, 5, now() );
insert into settlement(cancel_price, complete_at, coupon_count, coupon_use_date, discount_price, sum_price, supply_price, accommodation_id, coupon_id, created_at) values (0, '2024-02-01 00:00:00', 7, '2024-01-30 00:00:00', 50000, 350000, 20000, 2, 6, now() );
insert into settlement(cancel_price, complete_at, coupon_count, coupon_use_date, discount_price, sum_price, supply_price, accommodation_id, coupon_id, created_at) values (0, '2024-02-01 00:00:00', 8, '2024-01-21 00:00:00', 60000, 490000, 300000, 1, 7, now() );
insert into settlement(cancel_price, complete_at, coupon_count, coupon_use_date, discount_price, sum_price, supply_price, accommodation_id, coupon_id, created_at) values (0, '2024-02-01 00:00:00', 9, '2024-01-16 00:00:00', 70000, 420000, 100000, 2, 8, now() );



-- INSERT INTO fc_coolpeace.coupon (id, coupon_number, custom_title, title, coupon_status, discount_type, discount_value, coupon_room_type, customer_type, coupon_use_room, coupon_room_type, minimum_reservation_price, coupon_use_condition_days, exposure_start_date, exposure_end_date, expiration_date, download_count, use_count)
-- VALUES
-- (1, 'CC0000001', '오션뷰쿠폰', '모든 고객 3000원 할인 쿠폰', 'ON', '정액', 3000, '0', '0000000', '45302', '45323', '14', '23', '2')
-- ,(2, 'CC0000002', '봄봄할인', '모든 고객 3000원 할인 쿠폰', '삭제', '정액', 3000, '0', '0000011', '45267', '45344', '14', '4', '1')
-- ,(3, 'CC0000003', '10% 선착순 쿠폰', '첫방문 고객 2000원 할인 쿠폰', '대기중', '정액', 2000, '0', '0000010', '45391', '45486', '45500', '0', '0')
-- ,(4, 'CC0000004', '프리미엄고객전용', '모든 고객 30% 할인 쿠폰', 'OFF', '정률', 30, '1', '1111100', '45240', '45333', '45347', '31', '2')
-- ,(5, 'CC0000005', '오션뷰쿠폰', '모든 고객 3000원 할인 쿠폰', '대기중', '정액', 3000, '1', '0010000', '45364', '45379', '45393', '41', '11')
-- ,(6, 'CC0000006', '첫방문고객 2000 할인 쿠폰', '첫방문 고객 2000원 할인 쿠폰', '대기중', '정액', 2000, '1', '1000000', '45373', '45391', '45405', '22', '7')
-- ,(7, 'CC0000007', '럭셔리스테이5000', '첫방문 고객 5000원 할인 쿠폰', 'OFF', '정액', 5000, '2', '0000100', '45308', '45332', '45346', '13', '8')
-- ,(8, 'CC0000008', '휴가떠나자3000', '모든 고객 3000원 할인 쿠폰', 'OFF', '정액', 3000, '0', '1000000', '45248', '45334', '45348', '27', '3')
-- ,(9, 'CC0000009', '프리미엄고객전용', '모든 고객 3000원 할인 쿠폰', 'ON', '정액', 3000, '0', '0000100', '45247', '45332', '45346', '49', '2')
-- ,(10, 'CC0000010', '힐링쿠폰30%', '모든 고객 30% 할인 쿠폰', 'ON', '정률', 30, '0', '0000011', '45293', '45342', '45356', '11', '1')
-- ,(11, 'CC0000011', '프리미엄고객전용', '첫방문 고객 25% 할인 쿠폰', '대기중', '정률', 25, '0', '1111100', '45336', '45351', '45365', '46', '3')
-- ,(12, 'CC0000012', '모든 고객 3000 할인 쿠폰', '모든 고객 3000원 할인 쿠폰', 'ON', '정액', 3000, '2', '0000010', '45251', '45344', '45358', '24', '3')
-- ,(13, 'CC0000013', '미드나잇스페셜', '재방문 고객 1000원 할인 쿠폰', 'OFF', '정액', 1000, '1', '0001000', '45237', '45346', '45360', '55', '1')
-- ,(14, 'CC0000014', '힐링쿠폰20000', '첫방문 고객 20000원 할인 쿠폰', '대기중', '정액', 20000, '1', '0000100', '45504', '45518', '45532', '25', '0')
-- ,(15, 'CC0000015', '럭셔리스테이2000', '첫방문 고객 2000원 할인 쿠폰', 'OFF', '정액', 2000, '2', '1111100', '45291', '45352', '45366', '45', '22')
-- ,(16, 'CC0000016', '소중한여행20000', '첫방문 고객 20000원 할인 쿠폰', '대기중', '정액', 20000, '0', '0000011', '45539', '45561', '45575', '34', '2')
-- ,(17, 'CC0000017', '모든고객3000원', '모든 고객 3000원 할인 쿠폰', 'OFF', '정액', 3000, '1', '0000000', '45317', '45372', '45386', '6', '0')
-- ,(18, 'CC0000018', '재방문1000원', '재방문 고객 1000원 할인 쿠폰', '대기중', '정액', 1000, '0', '0100000', '45393', '45412', '45426', '220', '61')
-- ,(19, 'CC0000019', '휴가떠나자10%', '모든 고객 15% 할인 쿠폰', 'ON', '정률', 15, '0', '0000010', '45274', '45329', '45343', '66', '2')
-- ,(20, 'CC0000020', '모든 고객 2000원 할인 쿠폰', '첫방문 고객 2000원 할인 쿠폰', 'OFF', '정액', 2000, '2', '0001000', '45270', '45347', '45361', '48', '3')
-- ,(21, 'CC0000021', '오션뷰쿠폰', '첫방문 고객 25% 할인 쿠폰', 'ON', '정률', 25, '2', '0000010', '45252', '45337', '45351', '26', '6')
-- ,(22, 'CC0000022', '봄봄할인', '재방문 고객 1000원 할인 쿠폰', '대기중', '정액', 1000, '0', '0000000', '45427', '45456', '45470', '1', '0')
-- ,(23, 'CC0000023', '신혼부부쿠폰15%', '모든 고객 15% 할인 쿠폰', '삭제', '정률', 15, '0', '0000001', '45230', '45332', '45346', '10', '7')
-- ,(24, 'CC0000024', '미드나잇스페셜', '모든 고객 10% 할인 쿠폰', 'ON', '정률', 10, '0', '0000001', '45296', '45339', '45353', '4', '1')
-- ,(25, 'CC0000025', '미드나잇스페셜', '첫방문 고객 25% 할인 쿠폰', 'OFF', '정률', 25, '0', '0010000', '45290', '45330', '45344', '1232', '123')
-- ,(26, 'CC0000026', '신혼부부쿠폰2000', '첫방문 고객 2000원 할인 쿠폰', '대기중', '정액', 2000, '2', '0100000', '45413', '45428', '45442', '0', '0')
-- ,(27, 'CC0000027', '첫방문 고객2000 할인 쿠폰', '첫방문 고객 2000원 할인 쿠폰', '대기중', '정액', 2000, '2', '0010000', '45541', '45551', '45565', '13', '2')
-- ,(28, 'CC0000028', '힐링쿠폰3000원', '모든 고객 3000원 할인 쿠폰', 'OFF', '정액', 3000, '2', '0000010', '45270', '45357', '45371', '47', '10')
-- ,(29, 'CC0000029', '프리미엄고객전용', '첫방문 고객 40% 할인 쿠폰', '대기중', '정률', 40, '1', '0010000', '45449', '45471', '45485', '40', '22')
-- ,(30, 'CC0000030', '소중한여행30%', '모든 고객 30% 할인 쿠폰', '대기중', '정률', 30, '0', '1000000', '45626', '45651', '45665', '44', '3')
-- ,(31, 'CC0000031', '5000원 선착순 쿠폰', '첫방문 고객 5000원 할인 쿠폰', 'OFF', '정액', 5000, '0', '0001000', '45256', '45369', '45383', '46', '7')
-- ,(32, 'CC0000032', '2000원 선착순 쿠폰', '첫방문 고객 2000원 할인 쿠폰', 'OFF', '정액', 2000, '0', '1000000', '45238', '45358', '45372', '2', '1')
-- ,(33, 'CC0000033', '휴가떠나자30%', '재방문 고객 30% 할인 쿠폰', 'OFF', '정률', 30, '2', '1000000', '45256', '45338', '45352', '33', '6')
-- ,(34, 'CC0000034', '봄봄할인', '모든 고객 30% 할인 쿠폰', 'OFF', '정률', 30, '0', '0000010', '45269', '45355', '45369', '27', '5')
-- ,(35, 'CC0000035', '10% 선착순 쿠폰', '모든 고객 10% 할인 쿠폰', 'ON', '정률', 10, '2', '0000000', '45313', '45331', '45345', '55', '2')
-- ,(36, 'CC0000036', '럭셔리스테이20000', '첫방문 고객 20000원 할인 쿠폰', 'ON', '정액', 20000, '2', '0000100', '45246', '45337', '45351', '64', '32')
-- ,(37, 'CC0000037', '오션뷰쿠폰', '재방문 고객 1000원 할인 쿠폰', '대기중', '정액', 1000, '0', '0001000', '45485', '45524', '45538', '22', '3')
-- ,(38, 'CC0000038', '소중한여행30%', '재방문 고객 30% 할인 쿠폰', 'ON', '정률', 30, '1', '1000000', '45232', '45323', '45337', '64', '22')
-- ,(39, 'CC0000039', '미드나잇스페셜', '모든 고객 15% 할인 쿠폰', 'ON', '정률', 15, '2', '0010000', '45291', '45332', '45346', '69', '12')
-- ,(40, 'CC0000040', '럭셔리스테이3000', '모든 고객 3000원 할인 쿠폰', 'ON', '정액', 3000, '2', '1000000', '45230', '45320', '45334', '69', '7')
-- ,(41, 'CC0000041', '휴가떠나자5000', '첫방문 고객 5000원 할인 쿠폰', 'OFF', '정액', 5000, '0', '0000000', '45237', '45349', '45363', '80', '2')
-- ,(42, 'CC0000042', '힐링쿠폰10%', '모든 고객 10% 할인 쿠폰', 'ON', '정률', 10, '1', '0000010', '45256', '45337', '45351', '1', '0')
-- ,(43, 'CC0000043', '봄봄할인', '첫방문 고객 25% 할인 쿠폰', '대기중', '정률', 25, '1', '0000000', '45528', '45546', '45560', '97', '8')
-- ,(44, 'CC0000044', '가족여행쿠폰20000', '첫방문 고객 20000원 할인 쿠폰', 'ON', '정액', 20000, '0', '0000000', '45282', '45332', '45346', '11', '1')
-- ,(45, 'CC0000045', '여름신상10%', '모든 고객 10% 할인 쿠폰', 'OFF', '정률', 10, '0', '0010000', '45295', '45336', '45350', '32', '6')
-- ,(46, 'CC0000046', '오션뷰쿠폰', '첫방문 고객 2000원 할인 쿠폰', 'OFF', '정액', 2000, '0', '0000000', '45291', '45364', '45378', '42', '4')
-- ,(47, 'CC0000047', '즉시할인쿠폰3000', '모든 고객 3000원 할인 쿠폰', '대기중', '정액', 3000, '1', '0001000', '45404', '45418', '45432', '10', '1')
-- ,(48, 'CC0000048', '특별감사쿠폰', '재방문 고객 1000원 할인 쿠폰', '대기중', '정액', 1000, '0', '0010000', '45410', '45424', '45438', '87', '3')
-- ,(49, 'CC0000049', '여름신상3000', '모든 고객 3000원 할인 쿠폰', 'ON', '정액', 3000, '1', '0100000', '45295', '45322', '45336', '68', '6')
-- ,(50, 'CC0000050', '프라이빗빌라쿠폰', '첫방문 고객 2000원 할인 쿠폰', 'OFF', '정액', 2000, '0', '0000000', '45297', '45325', '45339', '36', '3')
-- ,(51, 'CC0000051', '오션뷰쿠폰', '모든 고객 30% 할인 쿠폰', '대기중', '정률', 30, '0', '0000001', '45474', '45488', '45502', '30', '5')
-- ,(52, 'CC0000052', '소중한여행40%', '첫방문 고객 40% 할인 쿠폰', 'OFF', '정률', 40, '1', '0000010', '45277', '45372', '45386', '59', '5')
-- ,(53, 'CC0000053', '가족여행쿠폰3000', '모든 고객 3000원 할인 쿠폰', 'OFF', '정액', 3000, '2', '0000010', '45251', '45377', '45391', '16', '1')
-- ,(54, 'CC0000054', '바다향쿠폰', '첫방문 고객 5000원 할인 쿠폰', 'ON', '정액', 5000, '2', '0000000', '45248', '45348', '45362', '5', '0')
-- ,(55, 'CC0000055', '스파플리스25%', '첫방문 고객 25% 할인 쿠폰', '대기중', '정률', 25, '0', '0000100', '45321', '45335', '45349', '28', '2')
-- ,(56, 'CC0000056', '미드나잇스페셜', '첫방문 고객 2000원 할인 쿠폰', '대기중', '정액', 2000, '0', '0000011', '45541', '45555', '45569', '25', '7')
-- ,(57, 'CC0000057', '즉시할인쿠폰30%', '모든 고객 30% 할인 쿠폰', 'ON', '정률', 30, '2', '0001000', '45271', '45326', '45340', '47', '4')
-- ,(58, 'CC0000058', '특급스윗룸2000', '첫방문 고객 2000원 할인 쿠폰', 'OFF', '정액', 2000, '1', '0000010', '45231', '45336', '45350', '14', '1')
-- ,(59, 'CC0000059', '바다향쿠폰', '첫방문 고객 20000원 할인 쿠폰', 'OFF', '정액', 20000, '0', '0000100', '45315', '45348', '45362', '75', '5')
-- ,(60, 'CC0000060', '소중한여행20000', '첫방문 고객 20000원 할인 쿠폰', '대기중', '정액', 20000, '0', '1000000', '45576', '45590', '45604', '60', '6')
-- ,(61, 'CC0000061', '얼리버드특가', '모든 고객 30% 할인 쿠폰', 'ON', '정률', 30, '0', '1000000', '45250', '45341', '45355', '61', '6')
-- ,(62, 'CC0000062', '가족여행쿠폰2000', '첫방문 고객 2000원 할인 쿠폰', '대기중', '정액', 2000, '0', '1111100', '45300', '45314', '45328', '7', '0')
-- ,(63, 'CC0000063', '특급스윗룸15%', '모든 고객 15% 할인 쿠폰', 'ON', '정률', 15, '0', '0001000', '45262', '45339', '45353', '51', '3')
-- ,(64, 'CC0000064', '미드나잇스페셜', '첫방문 고객 40% 할인 쿠폰', '대기중', '정률', 40, '0', '0100000', '45458', '45472', '45486', '58', '5')
-- ,(65, 'CC0000065', '즉시할인쿠폰30%', '모든 고객 30% 할인 쿠폰', '대기중', '정률', 30, '0', '0000100', '45552', '45566', '45580', '48', '3')
-- ,(66, 'CC0000066', '스파플리스30%', '모든 고객 30% 할인 쿠폰', '대기중', '정률', 30, '1', '0100000', '45612', '45626', '45640', '58', '11')
-- ,(67, 'CC0000067', '소중한여행1000', '재방문 고객 1000원 할인 쿠폰', 'OFF', '정액', 1000, '0', '1000000', '45238', '45370', '45384', '69', '11')
-- ,(68, 'CC0000068', '미드나잇스페셜', '재방문 고객 1000원 할인 쿠폰', 'ON', '정액', 1000, '0', '0010000', '45239', '45321', '45335', '76', '70')
-- ,(69, 'CC0000069', '주중스테이쿠폰', '모든 고객 30% 할인 쿠폰', '삭제', '정률', 30, '0', '0010000', '45273', '45343', '45357', '88', '3')
-- ,(70, 'CC0000070', '프라이빗빌라쿠폰', '첫방문 고객 25% 할인 쿠폰', '대기중', '정률', 25, '0', '0000011', '45608', '45622', '45636', '522', '71')
-- ,(71, 'CC0000071', '특별감사쿠폰', '첫방문 고객 5000원 할인 쿠폰', 'OFF', '정액', 5000, '0', '0000001', '45248', '45345', '45359', '23', '4')
-- ,(72, 'CC0000072', '가족여행쿠폰10%', '모든 고객 10% 할인 쿠폰', 'OFF', '정률', 10, '0', '0000001', '45313', '45368', '45382', '30', '3')
-- ,(73, 'CC0000073', '특급스윗룸30%', '모든 고객 30% 할인 쿠폰', '대기중', '정률', 30, '2', '0010000', '45465', '45479', '45493', '31', '2')
-- ,(74, 'CC0000074', '로맨틱게스트쿠폰', '첫방문 고객 25% 할인 쿠폰', 'OFF', '정률', 25, '0', '0001000', '45237', '45352', '45366', '4', '0')
-- ,(75, 'CC0000075', '소중한여행5000', '첫방문 고객 5000원 할인 쿠폰', 'ON', '정액', 5000, '0', '1111100', '45246', '45343', '45357', '7', '2')
-- ,(76, 'CC0000076', '여름신상20000', '첫방문 고객 20000원 할인 쿠폰', 'OFF', '정액', 20000, '0', '0010000', '45250', '45367', '45381', '70', '1')
-- ,(77, 'CC0000077', '특별감사쿠폰', '재방문 고객 30% 할인 쿠폰', 'OFF', '정률', 30, '1', '0000001', '45268', '45332', '45346', '14', '1')
-- ,(78, 'CC0000078', '얼리버드특가', '재방문 고객 1000원 할인 쿠폰', 'OFF', '정액', 1000, '1', '0000000', '45294', '45363', '45377', '22', '11')
-- ,(79, 'CC0000079', '가족여행쿠폰5000', '첫방문 고객 5000원 할인 쿠폰', 'ON', '정액', 5000, '0', '0000001', '45259', '45347', '45361', '27', '2')
-- ,(80, 'CC0000080', '프라이빗빌라쿠폰', '모든 고객 15% 할인 쿠폰', 'ON', '정률', 15, '0', '0000000', '45315', '45342', '45356', '58', '2')
-- ,(81, 'CC0000081', '로맨틱게스트쿠폰', '첫방문 고객 2000원 할인 쿠폰', '대기중', '정액', 2000, '0', '0100000', '45630', '45644', '45658', '40', '4')
-- ,(82, 'CC0000082', '주중스테이쿠폰', '모든 고객 30% 할인 쿠폰', 'ON', '정률', 30, '2', '0000000', '45242', '45327', '45341', '42', '6')
-- ,(83, 'CC0000083', '주중스테이쿠폰', '모든 고객 15% 할인 쿠폰', '대기중', '정률', 15, '0', '0000011', '45469', '45483', '45497', '24', '0')
-- ,(84, 'CC0000084', '얼리버드특가', '첫방문 고객 40% 할인 쿠폰', '대기중', '정률', 40, '0', '0000010', '45440', '45454', '45468', '37', '1')
-- ,(85, 'CC0000085', '스파플리스1000', '재방문 고객 1000원 할인 쿠폰', 'OFF', '정액', 1000, '2', '1111100', '45256', '45369', '45383', '82', '2')
-- ,(86, 'CC0000086', '로맨틱게스트쿠폰', '재방문 고객 30% 할인 쿠폰', '대기중', '정률', 30, '0', '0010000', '45554', '45568', '45582', '86', '8')
-- ,(87, 'CC0000087', '오션뷰쿠폰', '모든 고객 3000원 할인 쿠폰', 'ON', '정액', 3000, '1', '1000000', '45262', '45340', '45354', '11', '6')
-- ,(88, 'CC0000088', '바다향쿠폰', '모든 고객 15% 할인 쿠폰', 'ON', '정률', 15, '2', '0000100', '45247', '45340', '45354', '11', '3')
-- ,(89, 'CC0000089', '비즈니스트립15%', '모든 고객 15% 할인 쿠폰', '대기중', '정률', 15, '0', '1000000', '45492', '45506', '45520', '32', '3')
-- ,(90, 'CC0000090', '친구모임3000', '모든 고객 3000원 할인 쿠폰', 'ON', '정액', 3000, '1', '0000100', '45258', '45344', '45358', '38', '5')
-- ,(91, 'CC0000091', '하와이안스파30%', '모든 고객 30% 할인 쿠폰', '대기중', '정률', 30, '2', '0000011', '45442', '45456', '45470', '14', '1')
-- ,(92, 'CC0000092', '산속숙소15%', '모든 고객 15% 할인 쿠폰', '대기중', '정률', 15, '1', '1111100', '45530', '45544', '45558', '21', '2')
-- ,(93, 'CC0000093', '빈티지스타일30%', '재방문 고객 30% 할인 쿠폰', 'ON', '정률', 30, '0', '0000010', '45291', '45342', '45356', '55', '11')
-- ,(94, 'CC0000094', '빈티지스타일15%', '모든 고객 15% 할인 쿠폰', '대기중', '정률', 15, '0', '0001000', '45311', '45325', '45339', '33', '4')
-- ,(95, 'CC0000095', '친구모임1000', '재방문 고객 1000원 할인 쿠폰', 'ON', '정액', 1000, '2', '0000100', '45258', '45327', '45341', '31', '7')
-- ,(96, 'CC0000096', '힐링휴가쿠폰', '모든 고객 3000원 할인 쿠폰', 'ON', '정액', 3000, '1', '1111100', '45277', '45338', '45352', '61', '2')
-- ,(97, 'CC0000097', '업그레이드무료', '첫방문 고객 20000원 할인 쿠폰', 'ON', '정액', 20000, '0', '0000011', '45296', '45346', '45360', '16', '4')
-- ,(98, 'CC0000098', '비즈니스트립15%', '모든 고객 15% 할인 쿠폰', 'ON', '정률', 15, '1', '0000000', '45300', '45331', '45345', '25', '2')
-- ,(99, 'CC0000099', '업그레이드무료', '재방문 고객 30% 할인 쿠폰', 'OFF', '정률', 30, '2', '0100000', '45291', '45368', '45382', '0', '0')
-- ,(100, 'CC0000100', '인생여행쿠폰', '모든 고객 10% 할인 쿠폰', '대기중', '정률', 10, '0', '0000010', '45477', '45491', '45505', '882', '80')
--
